Soma Surface,Number of Stems,Number of Bifurcations,Number of Branches,Overall Width,Overall Height,Overall Depth,Average Diameter,Total Length,Total Surface,Total Volume,Max Euclidean Distance,Max Path Distance,Max Branch Order,Average Contraction,Total Fragmentation,Partition Asymmetry,Average Rall's Ratio,Average Bifurcation Angle Local,Average Bifurcation Angle Remote,Fractal Dimension,Category,w
250317.8481,2,11,24,57.83,334.1,0,0.25,658.02,516.812,32.33,223.36,235.42,8,0.93,1329,0.63,2,35.48,74.6,1.02,131,
250317.8481,2,7,16,54.82,344.92,0,0.25,573.56,450.472,28.153,240.15,263.86,6,0.9,794,0.54,2,33.62,76.98,1.03,131,
2700.912,8,45,98,469.82,1093.8,121.28,1.6,7969.59,43509.22,28387.23,1019.2,1072.78,14,0.93,599,0.45,1.33,54.21,50.78,1.02,143,
12.322,4,18,40,792.01,891.38,0,1,5508.51,17305.52,4326.383,877,966.28,10,0.96,958,0.67,2,71.83,73,1.01,125,
250317.8481,1,6,13,71.1,335.26,0,0.25,564.17,443.12,27.693,225.76,261.57,5,0.95,1201,0.56,2,112.07,101.03,1.02,131,
467.292,7,16,39,248.56,374.66,181.61,0.55,3945.14,6926.682,1287.123,356.85,442.88,6,0.82,2686,0.36,1.86,84.9,67.7,1.04,142,
1078.852,7,67,141,513.39,574.99,185.53,0.7,12475.5,30361.72,9225.613,473.87,613.76,10,0.84,9965,0.4,1.94,70.7,64.33,1.05,146,
250317.8481,1,32,65,64.96,441.73,0,0.25,1058.32,831.22,51.953,406.81,577.05,18,0.94,2171,0.65,2,83.38,87.06,1.03,131,
250317.8481,2,0,2,128.36,335.68,0,0.25,495.4,389.092,24.323,267.3,297.99,1,0.9,1019,0,2,138.33,105.92,1.02,131,
250317.8481,2,5,12,40.91,218.92,0,0.25,348.29,273.542,17.13,226.64,240.04,6,0.94,255,0.83,2,39.98,96.66,1.02,131,
250317.8481,2,1,4,69.34,387.08,0,0.25,497.12,390.442,24.43,224.53,262.69,2,0.9,1077,0.5,2,98.52,100.28,1.03,131,
250317.8481,2,8,18,73.22,177.34,0,0.25,378.55,297.312,18.583,132.72,148.89,6,0.94,267,0.55,2,48.6,83.34,1.02,131,
250317.8481,1,444,889,394.71,470.07,0,0.25,9460.28,7430.082,464.383,551.2,683.04,50,0.95,20621,0.66,2,85.59,88,1.03,131,
250317.8481,1,39,79,284.23,559.82,0,0.25,1783.14,1400.472,87.533,419.78,493.07,15,0.94,3664,0.56,2,73.68,95.7,1.03,131,
8788.142,5,23,51,755.53,978.25,0.99,1,7707.4,24213.52,6053.383,673.48,947.6,8,0.96,1350,0.62,2,64.69,60.32,1.01,125,
4924.032,4,6,16,345.61,964.21,1.15,1,2156.26,6774.092,1693.523,557.36,591.62,3,0.93,368,0.67,2,57.24,75.33,1.01,125,
4073.022,13,26,65,539.97,575.79,128.98,1.53,6339.48,33468.62,24946.93,703.38,741.72,9,0.93,723,0.5,1.15,68.08,50.86,1.01,143,
250317.8481,2,9,20,154.83,282.86,0,0.25,939.36,737.782,46.113,210.26,252.64,7,0.92,2030,0.62,2,48.68,48.24,1.03,131,
7575.432,7,40,87,756.26,958.72,0.5,1,11452,35977.72,8994.423,666.83,982.6,8,0.94,2056,0.52,2,60.79,55.3,1.01,125,
694.672,8,138,284,1580.69,1500.7,112.38,0.39,36010,44628.22,6309.853,1348.75,1610.83,16,0.9,30943,0.41,1.95,70.33,56.55,1.03,146,
250317.8481,1,4,9,101.36,277.76,0,0.25,455.29,357.582,22.353,255.74,281.36,3,0.92,296,0.33,2,27.37,79.98,1.02,131,
250317.8481,1,5,11,50.95,222.73,0,0.25,376.77,295.912,18.493,231.97,266.41,5,0.92,245,0.8,2,60.89,78.99,1.03,131,
250317.8481,2,54,110,97.28,393.58,0,0.25,1605.92,1261.292,78.833,355.68,501.66,31,0.94,3413,0.67,2,84.61,90.88,1.03,131,
250317.8481,1,5,11,39.33,182.49,0,0.25,285.84,224.52,14.033,196.02,227.33,5,0.96,380,0.8,2,32.38,13.39,1.02,131,
250317.8481,1,2,5,47.4,347.9,0,0.25,466.09,366.062,22.883,358.83,418.74,2,0.91,615,0.5,2,16.85,56.67,1.03,131,
250317.8481,1,7,15,418.73,498.15,0,0.25,1304.77,1024.762,64.053,539.46,624.6,7,0.94,2824,0.86,2,115.6,113.09,1.03,131,
250317.8481,1,2,5,13.28,205.04,0,0.25,261.04,205.022,12.813,186.86,202.2,2,0.96,329,0.5,2,89.52,100.87,1.02,131,
250317.8481,2,62,126,302.85,722.89,0,0.25,3683.86,2893.292,180.833,426.3,667.52,17,0.95,7971,0.58,2,85.15,92.6,1.02,131,
250317.8481,2,11,24,42.59,197.69,0,0.25,392.97,308.642,19.293,121.81,151,8,0.96,785,0.68,2,80.74,77.31,1.02,131,
726.242,5,23,51,238.43,1163.16,162.49,0.74,4883.29,11188.92,2288.043,1159.98,1402.33,8,0.87,3438,0.55,1.82,65.32,52.9,1.03,142,
250317.8481,2,4,10,63.9,136.79,0,0.25,250.64,196.852,12.33,128.58,149.87,4,0.93,547,0.47,2,101.36,137.39,1.03,131,
250317.8481,1,17,35,120.38,440.57,0,0.25,919.54,722.212,45.143,299.94,351.97,12,0.95,1950,0.64,2,81.42,88.29,1.03,131,
987.12,6,70,146,549.33,1407.46,854.69,0.32,23149.4,23513.52,2456.813,1105.62,2035.1,13,0.89,16739,0.49,2.02,86.14,76.91,1.02,142,
783.262,8,68,144,402.98,747.55,250.7,0.57,14516,26048.32,4453.383,656.11,797.03,15,0.89,10718,0.37,1.81,79.74,51.52,1.03,142,
250317.8481,1,10,21,150.88,350.86,0,0.25,880.47,691.522,43.223,240.26,358.98,7,0.95,1776,0.57,2,98.2,98.67,1.03,131,
250317.8481,1,6,13,91.26,265.94,0,0.25,576.4,452.712,28.293,167.85,191.28,6,0.94,1246,0.83,2,95.88,104.85,1.02,131,
250317.8481,1,10,21,189.52,260.91,0,0.25,737.72,579.42,36.213,200.42,278.34,10,0.94,1554,0.9,2,72.01,65.96,1.06,131,
250317.8481,2,21,44,136.27,195.16,0,0.25,687.67,540.12,33.763,196.49,293.46,21,0.94,1448,0.9,2,117.38,115.76,1.03,131,
250317.8481,1,8,17,91.25,379.87,0,0.25,659.32,517.832,32.363,398.53,438.25,7,0.93,472,0.67,2,17.24,74.64,1.02,131,
250317.8481,2,18,38,100.45,346.62,0,0.25,955.63,750.552,46.913,206.7,236.07,11,0.93,667,0.64,2,50.29,81.1,1.02,131,
250317.8481,1,3,7,128.15,348.99,0,0.25,654.36,513.932,32.123,316.28,642.78,3,0.94,451,0.67,2,60.28,57.74,1.02,131,
250317.8481,1,9,19,144.36,343.65,0,0.25,935.86,735.022,45.943,284.48,322.61,5,0.92,1947,0.49,2,76.99,87.45,1.02,131,
201.012,7,48,103,338.85,589.23,260.06,0.65,10476.9,21367.12,3723.563,500.31,620.43,8,0.88,7284,0.36,1.96,67.85,55.24,1.03,142,
250317.8481,1,10,21,58.51,236.63,0,0.25,488.63,383.772,23.993,233.96,289.39,4,0.89,662,0.31,2,34.75,87.74,1.04,131,
250317.8481,2,12,26,78.34,304.75,0,0.25,532.44,418.182,26.143,271.13,339.76,10,0.89,1083,0.65,2,72.52,84.43,1.05,131,
250317.8481,2,10,22,259.49,345.1,0,0.25,971.36,762.92,47.683,289.45,320.53,7,0.93,2152,0.54,2,48.88,74.2,1.03,131,
390.832,5,24,53,362.81,218.54,231.5,0.53,3952.31,6606.672,1029.383,297.19,475.52,7,0.85,2733,0.37,1.87,64.99,60.55,1.04,142,
250317.8481,2,2,6,33.2,345.93,0,0.25,443.36,348.212,21.763,352.55,383.82,3,0.95,944,0.67,2,111.67,107.43,1.02,131,
15694.42,6,18,42,388.42,991.18,0,1,3190.63,10023.72,2505.923,646.22,668.01,10,0.96,544,0.55,2,69.45,71.23,1.01,125,
610.612,6,60,126,1307.09,1243.5,113.64,0.5,11440.2,18201.92,2675.13,1185.21,1348.53,11,0.91,9771,0.35,2,74.9,48.55,1.02,146,
250317.8481,2,1,4,17.38,132.83,0,0.25,160.29,125.892,7.873,77.87,84.99,2,0.92,212,0.5,2,89.33,129.55,1.02,131,
250317.8481,1,26,53,162.15,360.78,0,0.25,771.5,605.932,37.873,320.04,433.84,18,0.95,1700,0.55,2,82.05,95.22,1.03,131,
15055.12,9,29,67,618.23,1010.42,0,1,8189.1,25726.82,6431.73,651.23,787.14,7,0.96,1433,0.58,2,59.76,60.26,1.01,125,
863.662,6,150,306,1290.51,1723.78,220.36,0.47,37915.1,57353.12,10845.23,1378.96,1521.7,18,0.88,30737,0.47,1.97,82.98,65.92,1.03,146,
395.382,7,37,81,320.28,739.12,230.21,0.54,9054.1,15506.22,2553.423,672.3,818.37,10,0.85,6986,0.39,1.89,70.84,52.43,1.04,142,
250317.8481,1,4,9,45.01,189.56,0,0.25,296.9,233.182,14.573,136.06,154.46,4,0.94,621,0.75,2,96.06,97.93,1.03,131,
250317.8481,2,2,6,186.63,258.64,0,0.25,560.76,440.422,27.533,198.76,215.29,3,0.94,789,0.67,2,107.53,84.46,1.01,131,
250317.8481,2,6,14,67.44,390.63,0,0.25,743.85,584.222,36.513,270.79,297.74,7,0.92,1523,0.86,2,99.84,109.48,1.03,131,
250317.8481,1,2,5,30.64,146.63,0,0.25,236.72,185.922,11.623,157.97,168.96,2,0.96,305,0.5,2,23.42,16.45,1.02,131,
250317.8481,1,10,21,70.54,331.39,0,0.25,629.95,494.762,30.923,225.74,298.31,10,0.92,1317,0.9,2,74.71,90.64,1.03,131,
250317.8481,2,4,10,89.42,380.4,0,0.25,635.32,498.982,31.193,277.31,329.79,3,0.9,443,0.4,2,60.55,82.23,1.02,131,
12224.82,9,27,63,474.79,993.54,0.27,1,4790.94,15051.22,3762.83,573.54,610.71,12,0.94,852,0.74,2,85.51,64.81,1.01,125,
250317.8481,1,9,19,51.66,248.06,0,0.25,474.28,372.492,23.283,208.91,256.2,7,0.96,1053,0.56,2,85.64,80.74,1.03,131,
250317.8481,1,15,31,148.71,234.41,0,0.25,700.79,550.42,34.43,190.5,218.28,9,0.95,1493,0.55,2,94.07,93.23,1.02,131,
250317.8481,2,4,10,131.46,290.24,0,0.25,526.86,413.82,25.863,204.92,256.04,4,0.91,691,0.5,2,119.2,107.88,1.03,131,
250317.8481,1,5,11,250.42,427.48,0,0.25,997.81,783.682,48.983,295.5,413.63,4,0.94,1976,0.4,2,92.17,103.83,1.02,131,
250317.8481,2,6,14,88.63,440.34,0,0.25,853.25,670.142,41.883,416.51,459.27,5,0.91,1826,0.45,2,102.84,91.75,1.03,131,
250317.8481,2,32,66,228.89,251.71,0,0.25,1521.02,1194.62,74.663,210.33,494.63,17,0.93,1042,0.67,2,70.49,90.9,1.03,131,
65.522,1,52,105,681.51,992.4,0,1,14385.6,45193.62,11298.43,617.84,2390.9,19,0.93,2689,0.59,2,82.33,76.56,1.01,125,
250317.8481,1,4,9,103.88,424.62,0,0.25,592.84,465.622,29.13,271.77,296.66,4,0.94,374,0.75,2,117.88,138.57,1.02,131,
250317.8481,1,3,7,30.3,352.96,0,0.25,466.16,366.122,22.883,220.95,244.33,3,0.9,602,0.67,2,9.09,108.53,1.03,131,
250317.8481,2,5,12,189.9,271.72,0,0.25,735.4,577.582,36.13,279.6,309.8,5,0.91,935,0.6,2,54.32,74.31,1.03,131,
250317.8481,1,3,7,35.01,218.31,0,0.25,329.51,258.792,16.173,234.77,266.07,3,0.93,425,0.67,2,40.95,75.37,1.02,131,
250317.8481,1,5,11,20.54,125.38,0,0.25,224.88,176.622,11.043,81.54,91.69,4,0.96,458,0.5,2,90.85,97.39,1.02,131,
250317.8481,2,16,34,81.61,362.98,0,0.25,1324.95,1040.612,65.043,319.16,786.37,8,0.93,2490,0.64,2,96.59,103.36,1.03,131,
250317.8481,2,9,20,64.46,221.88,0,0.25,495.99,389.552,24.353,149.09,168.25,6,0.92,668,0.59,2,65.41,83.57,1.03,131,
250317.8481,2,13,28,86.52,252.56,0,0.25,594.07,466.582,29.163,271.59,303.85,10,0.94,787,0.71,2,52.85,98.81,1.03,131,
250317.8481,2,11,24,63.92,426.34,0,0.25,625.16,4912,30.693,257.25,280.97,9,0.91,834,0.7,2,83.41,72.9,1.05,131,
369.322,4,15,34,262.98,734.9,120.81,0.83,4217.55,11047.92,2421.493,550.99,651.65,10,0.83,3457,0.87,1.86,87.36,76.37,1.04,146,
250317.8481,1,4,9,214.66,502.92,0,0.25,1068.72,839.372,52.463,356.98,501.42,3,0.88,723,0.25,2,78.58,96.27,1.03,131,
250317.8481,2,3,8,24.11,246.99,0,0.25,323.66,254.22,15.893,145.06,163.21,3,0.92,442,0.33,2,53.92,70.01,1.02,131,
250317.8481,2,2,6,32.32,294.4,0,0.25,420.5,330.262,20.643,271.88,294.64,2,0.92,579,0,2,55.11,107.99,1.02,131,
250317.8481,2,2,6,51.48,144,0,0.25,230.13,180.742,11.33,113.82,138.96,3,0.9,300,0.67,2,66.78,93.86,1.04,131,
1496.442,4,6,16,105.52,892.58,0.1,1,1619.1,5086.572,1271.643,552.39,626.36,3,0.9,290,0.5,2,66.35,68.98,1.02,125,
250317.8481,2,3,8,178.3,460.28,0,0.25,832.36,653.732,40.863,307.53,327.79,3,0.94,546,0.33,2,112.66,121.56,1.02,131,
250317.8481,1,34,69,57.68,302.48,0,0.25,660.31,518.612,32.413,214.72,251.05,19,0.94,1353,0.64,2,95.87,93.34,1.04,131,
1036.672,6,68,142,579.99,893.99,118.82,0.49,16264.2,25321.82,4875.313,891.44,1232.54,11,0.89,13734,0.51,1.89,79.51,85.94,1.03,146,
250317.8481,1,93,187,823.06,639.27,0,0.25,7894.55,6200.362,387.523,826.36,1370.85,35,0.95,16992,0.67,2,91.37,88.24,1.02,131,
250317.8481,1,4,9,66,115.18,0,0.25,261.33,205.252,12.833,93.58,176.79,4,0.92,176,0.75,2,42.74,107.55,1.02,131,
250317.8481,2,12,26,227.64,338.51,0,0.25,979.26,769.112,48.073,284.32,363.18,11,0.94,2071,0.82,2,86.21,94.05,1.03,131,
20759.82,4,11,26,356.84,1133.09,0,1,2831.45,8895.252,2223.813,710.62,753.59,4,0.96,468,0.58,2,52.04,64.7,1.01,125,
543.82,5,47,99,343.02,1320.9,82.6,0.45,8974.46,12623.12,1876.633,1020.39,1285.33,13,0.87,7641,0.65,1.79,95.65,91.11,1.03,146,
250317.8481,1,6,13,178.5,149.74,0,0.25,527.61,414.382,25.93,193.42,347.76,4,0.93,693,0.53,2,42.27,57.02,1.02,131,
250317.8481,1,9,19,283.52,742.91,0,0.25,1418.92,1114.422,69.653,584.74,716.53,6,0.91,2814,0.55,2,65.6,93.79,1.02,131,
250317.8481,2,14,30,129.95,385.19,0,0.25,840.03,659.762,41.233,264.9,331.34,13,0.93,589,0.76,2,21.03,87.43,1.02,131,
15312.22,3,65,133,731.1,794.45,4.73,1,9411.1,29565.82,7391.463,649.38,810.76,13,0.95,1773,0.6,2,72.92,78.13,1.01,125,
250317.8481,1,8,17,133.42,337.86,0,0.25,863.01,677.812,42.363,355.37,573.02,8,0.88,1144,0.88,2,39.81,75.13,1.04,131,
184.982,4,0,4,24.23,88.74,17.93,0.24,156.39,117.912,7.073,65.76,71.17,0,0.82,70,0,0,0,0,1.07,144,
250317.8481,1,2,5,76.71,290.8,0,0.25,403.47,316.882,19.813,181.59,202.8,2,0.94,847,0.5,2,102.32,73.91,1.02,131,
250317.8481,2,7,16,167.72,343.22,0,0.25,813.52,638.942,39.933,235.42,342.35,7,0.95,1657,0.67,2,105.62,101.55,1.02,131,
3445.972,7,39,85,609.56,1190.21,106.05,2.02,6523.8,43740.52,41384.23,1058.24,1248.96,15,0.95,512,0.54,1.44,67.78,56.65,1.01,143,
250317.8481,1,7,15,121.37,263.66,0,0.25,525.6,412.82,25.83,231.52,254.1,6,0.97,1057,0.66,2,76.94,71.62,1.01,131,
250317.8481,1,5,11,201.82,563.47,0,0.25,1061.6,833.782,52.113,428.77,506.64,5,0.9,1448,0.8,2,24.75,99.66,1.03,131,
939.682,6,52,110,339.69,945.3,176.96,0.56,11189.8,197542,4247.353,1073,1137.82,20,0.9,9110,0.66,1.64,83.4,73.47,1.03,146,
23163.12,2,13,28,758.27,845.16,0,1,4191.55,13168.12,3292.043,676.86,736.27,7,0.95,744,0.71,2,58.3,60.07,1.01,125,
250317.8481,1,4,9,135.99,299.1,0,0.25,808.35,634.882,39.683,312.09,344.33,4,0.95,1123,0.75,2,67.33,51.87,1.02,131,
250317.8481,1,9,19,209.35,300.91,0,0.25,674.71,529.922,33.123,300.18,335.02,5,0.96,1467,0.34,2,80.38,95.6,1.02,131,
2889.092,3,8,19,401.98,853.98,2.14,1,1860.4,5844.612,1461.153,611.58,655.76,4,0.95,333,0.62,2,57.16,58.2,1.01,125,
250317.8481,2,0,2,9.97,79.53,0,0.25,88.74,69.72,4.363,46.65,50.02,1,0.95,62,0,2,154.11,152.39,1.01,131,
250317.8481,2,3,8,132.15,229.46,0,0.25,565.42,444.082,27.763,188.36,238.9,3,0.85,749,0.25,2,137.72,136.03,1.03,131,
250317.8481,1,5,11,19.81,116.19,0,0.25,202.71,159.212,9.953,113.84,122.88,4,0.94,418,0.4,2,105.97,94.51,1.03,131,
250317.8481,2,7,16,44.6,328.35,0,0.25,477.76,375.232,23.453,253.36,270.02,8,0.96,1086,0.88,2,42.05,62.76,1.02,131,
250317.8481,1,34,69,129.69,220.83,0,0.25,1024.1,804.332,50.273,209.38,291.18,18,0.93,2161,0.66,2,79.8,83.77,1.03,131,
662.272,7,34,75,431,1111.59,91.7,0.53,9867.63,17239.12,3541.373,962.75,989.52,10,0.89,8350,0.46,1.86,66.79,50.95,1.03,146,
250317.8481,1,30,61,83.79,469.23,0,0.25,1176.04,923.662,57.733,331.47,378.63,22,0.94,2500,0.84,2,86.39,99.99,1.03,131,
250317.8481,2,50,102,187.18,303.01,0,0.25,1497.76,1176.342,73.523,206.56,233.94,15,0.93,3251,0.7,2,34.62,68.1,1.03,131,
349.752,5,56,117,473.99,690.8,156.06,0.37,10911.9,12785.52,1540.63,671.68,851.53,15,0.92,9363,0.61,2,82.55,70.35,1.02,146,
250317.8481,2,10,22,616.59,888.1,0,0.25,3000.58,2356.652,147.293,622.46,695.32,8,0.94,6279,0.61,2,126.55,105.38,1.02,131,
465.762,7,29,65,277.62,1144.14,179.97,0.43,7207.54,10076.92,3417.923,1074.12,1261.91,14,0.86,5559,0.56,1.8,87.26,61.01,1.04,142,
1304.362,7,80,167,666.8,709.27,316.96,0.69,22516,48630.42,10061.63,829.49,1069.07,17,0.8,15103,0.46,1.84,80.87,51.81,1.06,142,
250317.8481,2,6,14,38.62,74.68,0,0.25,226.78,178.112,11.133,69.16,82.12,5,0.94,160,0.43,2,57.52,85.91,1.02,131,
250317.8481,2,12,26,127.07,273.18,0,0.25,563.32,442.432,27.653,241.3,343.92,9,0.96,1147,0.57,2,114.81,112.02,1.03,131,
250317.8481,2,6,14,100.09,341.86,0,0.25,686.69,539.322,33.713,199.88,255.61,6,0.91,1413,0.66,2,43.53,101.44,1.03,131,
8693.962,8,23,54,505.6,799.26,0,1,6215.16,19525.52,4881.373,649.43,796.46,6,0.9,1095,0.62,2,52.03,70.25,1.02,125,
12517.62,13,39,91,556.93,732.96,0,1,6502.49,20428.22,5107.053,532.84,576.38,7,0.95,1122,0.7,2,74.33,75.6,1.01,125,
250317.8481,2,1,4,31.84,347.33,0,0.25,487.82,383.142,23.953,211.56,228.3,2,0.94,1022,0.5,2,121.05,64.08,1.02,131,
687.912,6,62,130,414.67,1088.31,310.92,0.67,15621.7,33270.72,6672.683,934.9,1129.96,13,0.88,10492,0.38,1.88,72.5,51.78,1.03,142,
250317.8481,2,11,24,115.44,480.8,0,0.25,965.4,758.222,47.393,330.22,419.6,7,0.92,2077,0.52,2,30.5,61.11,1.03,131,
250317.8481,2,9,20,120.82,1395.11,0,0.25,1845.66,1449.582,90.63,953.12,1055.96,8,0.92,3810,0.62,2,73.95,85.13,1.03,131,
250317.8481,2,4,10,146.71,270.61,0,0.25,573.31,450.272,28.143,241.31,295.19,3,0.93,788,0.4,2,50.34,111.86,1.02,131,
250317.8481,1,15,31,400.72,811.07,0,0.25,2137.12,1678.492,104.93,906.32,1014.5,10,0.96,4582,0.63,2,98.96,96.58,1.02,131,
590.932,7,80,167,444.2,637.08,286.22,0.57,15491.5,27711.32,5050.213,521.88,602.95,11,0.85,11373,0.51,1.92,83.02,67.23,1.04,142,
250317.8481,2,2,6,106.17,237.75,0,0.25,544.99,428.042,26.753,248.3,315.04,3,0.9,758,0.67,2,111.41,111.46,1.03,131,
5582.592,3,5,13,410.25,829.55,6.11,1,2152.77,6763.132,1690.783,773.29,847.78,2,0.92,365,0.4,2,71.37,56.43,1.01,125,
250317.8481,1,24,49,121.88,262.89,0,0.25,902.08,708.52,44.283,212.3,231.5,10,0.94,1895,0.54,2,89.15,72.53,1.03,131,
250317.8481,1,11,23,474.79,629.38,0,0.25,2641.39,2074.542,129.663,630.84,931.33,8,0.94,5574,0.61,2,124.62,101.43,1.02,131,
250317.8481,2,8,18,102.82,127.49,0,0.25,567.23,445.52,27.843,108.85,155.84,5,0.93,379,0.46,2,64.87,70.28,1.02,131,
250317.8481,1,17,35,369.07,957.99,0,0.25,1844.8,1448.92,90.563,741.18,885.63,10,0.95,3849,0.6,2,88.05,95.06,1.02,131,
250317.8481,2,3,8,233.74,514.85,0,0.25,1225.62,962.62,60.163,387.03,431.07,3,0.9,2637,0.33,2,85.97,83.73,1.03,131,
250317.8481,1,3,7,225.62,453.25,0,0.25,873.98,686.422,42.93,294.63,321.02,3,0.96,1791,0.67,2,103.54,99.07,1.02,131,
250317.8481,2,5,12,49.21,339.58,0,0.25,623.56,489.742,30.613,362.94,400.06,6,0.94,862,0.83,2,57.74,62.57,1.02,131,
250317.8481,2,9,20,37.22,250.77,0,0.25,419.17,329.222,20.583,251.16,277.08,10,0.95,302,0.9,2,63.13,91.41,1.02,131,
250317.8481,2,14,30,59.53,423.5,0,0.25,817.41,641.992,40.123,263.65,285.54,9,0.95,1780,0.55,2,100.75,89.71,1.03,131,
474.072,8,89,186,720.6,873.78,157.52,0.47,18149.3,27436.52,4493.973,626.14,962.34,13,0.9,15186,0.41,1.97,75.61,65.65,1.03,146,
250317.8481,2,23,48,124.83,403.21,0,0.25,1451.17,1139.742,71.233,314.49,376.87,10,0.89,1921,0.59,2,73.21,73.05,1.05,131,
132.662,1,4,9,253.12,454.48,0,1,1183.39,3717.742,929.433,521.2,543.14,3,0.94,200,0.25,2,67.58,52.26,1.01,125,
7427.982,2,24,50,731.73,1001.92,1.99,1,6618.95,20794.12,5198.513,587.9,705.53,11,0.96,1241,0.54,2,61.48,64.65,1.01,125,
9636.862,3,9,21,704.76,944.91,0,1,3756.12,11800.22,2950.053,704.4,824.57,5,0.95,658,0.51,2,56.5,51.74,1.01,125,
250317.8481,2,2,6,52.04,105.85,0,0.25,229.66,180.382,11.273,105.5,121.34,3,0.92,147,0.67,2,72.59,78.2,1.02,131,
250317.8481,2,152,306,463.53,306.64,0,0.25,4374.78,3435.952,214.753,442.55,777.3,33,0.95,8704,0.61,2,89.88,91.83,1.03,131,
250317.8481,2,2,6,99.95,335.64,0,0.25,490.29,385.072,24.073,201.72,247.24,3,0.92,344,0.67,2,59.23,79.76,1.02,131,
250317.8481,1,8,17,271.24,782.11,0,0.25,1891.75,1485.782,92.863,626.32,694.11,8,0.95,4170,0.88,2,82.33,87.41,1.02,131,
250317.8481,1,6,13,48.9,400.87,0,0.25,504.65,396.352,24.773,386.34,427.59,4,0.94,1027,0.32,2,67.98,82.8,1.03,131,
250317.8481,1,4,9,45.63,183.01,0,0.25,470.56,369.582,23.13,190.54,333.26,3,0.93,611,0.33,2,62.97,120.02,1.02,131,
250317.8481,2,12,26,203.3,233.99,0,0.25,993.69,780.442,48.783,228.21,269.65,10,0.94,674,0.65,2,37,65.24,1.02,131,
250317.8481,2,4,10,89.57,234.26,0,0.25,417.55,327.942,20.53,207.32,233.91,4,0.94,579,0.5,2,62.42,93.45,1.02,131,
250317.8481,1,19,39,173.93,425.51,0,0.25,963.96,757.092,47.323,303.81,329.39,11,0.95,1993,0.59,2,73.53,88.34,1.02,131,
250317.8481,1,6,13,73.47,127.65,0,0.25,280.36,220.22,13.763,94.79,207.62,4,0.96,642,0.53,2,104.66,88.98,1.02,131,
250317.8481,2,18,38,66.06,224.89,0,0.25,521.36,409.482,25.593,137.19,150.08,11,0.94,702,0.7,2,76.31,99.51,1.03,131,
250317.8481,1,6,13,54.05,139.05,0,0.25,305.55,239.982,153,94.17,102.72,6,0.95,627,0.83,2,96.8,69.59,1.02,131,
226.212,1,1,3,11.35,59.16,3.05,0.24,77.76,58.632,3.523,58.53,68.48,1,0.95,24,0,2,118.71,135.9,1.02,144,
759.112,7,114,235,1454.78,1402.38,157.09,0.39,31270.6,37955.72,5809.373,1363.74,1672.76,12,0.87,26160,0.42,2.01,75.37,59.32,1.04,146,
349.22,3,6,15,20.37,169.18,19.39,1.77,263.32,1486.162,679.923,124.78,128.81,4,0.98,68,0.5,1.66,75.24,62.47,1.01,144,
200.972,5,20,45,263.87,307.93,263.6,0.62,5242.09,10327.32,1814.573,345.77,461.13,5,0.8,2813,0.53,2.01,83.15,77.33,1.06,142,
250317.8481,1,8,17,340.86,664.11,0,0.25,1584.39,1244.382,77.773,576.68,798.48,7,0.94,3227,0.67,2,89.65,89.97,1.02,131,
1711.42,3,7,17,300.19,787.16,0.56,1,1778.97,5588.792,1397.23,546.81,596.34,3,0.94,327,0.48,2,80.13,73.66,1.01,125,
250317.8481,1,13,27,292.12,712.07,0,0.25,2270.41,1783.182,111.453,462.38,739.96,10,0.93,4952,0.71,2,123.33,114.47,1.02,131,
250317.8481,2,13,28,81.25,182.18,0,0.25,565.31,4442,27.753,145.86,169.58,7,0.94,383,0.47,2,85.41,98.45,1.02,131,
250317.8481,1,6,13,144.73,421.86,0,0.25,1230.8,966.672,60.423,408.2,691.85,5,0.89,1699,0.58,2,60.34,117.57,1.03,131,
250317.8481,2,2,6,87.38,324.1,0,0.25,475.55,373.492,23.343,203.26,219.43,3,0.94,677,0.67,2,81.73,63.72,1.01,131,
250317.8481,2,10,22,102.05,381.68,0,0.25,753.86,592.082,373,265.78,314.92,7,0.9,483,0.74,2,56.41,95.56,1.03,131,
4920.412,4,23,50,689.5,676.47,0,1,6240.09,19603.82,4900.953,612.32,734.21,10,0.94,1123,0.59,2,70.42,66.78,1.01,125,
8179.292,4,11,26,553.97,1002.3,0.28,1,3571.15,11219.12,2804.773,619.92,709.35,4,0.95,620,0.17,2,65.81,71.8,1.01,125,
250317.8481,2,6,14,176.67,263.4,0,0.25,690.75,542.522,33.913,242.76,430.68,7,0.9,455,0.86,2,61.12,91.45,1.03,131,
250317.8481,2,5,12,49.49,302.2,0,0.25,547.62,430.12,26.883,318.91,375.07,5,0.91,755,0.56,2,31.98,57,1.03,131,
8615.712,6,7,20,502.18,612.16,0,1,3608.14,11335.32,2833.833,523.94,611.6,3,0.94,612,0.43,2,61.12,74.08,1.01,125,
250317.8481,2,6,14,29.59,367.33,0,0.25,552.17,433.672,27.13,289.45,341.93,5,0.89,1177,0.62,2,16.2,76.7,1.03,131,
79.262,2,38,78,730.98,847.34,0,1,8918.5,28018.32,7004.573,631.42,788.88,11,0.94,1589,0.36,2,71.64,74.75,1.01,125,
250317.8481,2,8,18,354.98,545.72,0,0.25,1662.73,1305.92,81.623,483.33,642.67,8,0.95,3428,0.72,2,75.37,86.53,1.02,131,
250317.8481,1,20,41,156.23,652.47,0,0.25,1514.35,1189.372,74.343,402.43,783.82,15,0.95,3143,0.76,2,91.84,93.16,1.02,131,
5129.12,5,37,79,438.56,702.31,0,1,4856.87,15258.32,3814.583,578.61,965.76,12,0.95,889,0.54,2,78.46,73.76,1.01,125,
250317.8481,2,16,34,83.04,476.39,0,0.25,991.66,778.842,48.683,309.32,342.75,17,0.94,2071,0.94,2,111.21,104.57,1.04,131,
12693402,1,44,89,488.39,1006.9,0,1,9803.25,30797.82,7699.463,719.96,816.86,11,0.95,1769,0.58,2,62.67,64.53,1.01,125,
250317.8481,1,212,425,483.21,894.42,0,0.25,10377.6,8150.522,509.413,719.87,906.08,37,0.95,22067,0.66,2,86.27,86.69,1.02,131,
250317.8481,2,4,10,86.09,288.77,0,0.25,507.07,398.252,24.893,276,315.85,4,0.95,1071,0.4,2,118.03,96.82,1.02,131,
22206602,2,8,18,312.47,949.58,0,1,2778.93,8730.272,2182.573,569.8,1047.31,5,0.93,500,0.67,2,120.6,118.37,1.01,125,
250317.8481,1,10,21,90.01,172.64,0,0.25,443.47,348.32,21.773,124.58,140.4,7,0.94,939,0.59,2,76.65,83.04,1.02,131,
250317.8481,2,2,6,70.22,240.9,0,0.25,387.13,304.052,193,219.19,249.31,2,0.93,544,0,2,61.88,130.89,1.02,131,
250317.8481,2,4,10,63.22,135.35,0,0.25,275.78,216.62,13.543,119.35,152.31,4,0.81,182,0.47,2,36.85,100,1.05,131,
288.112,3,2,7,45.66,63.49,15.19,2.12,154.31,1028.962,549.793,65.98,74.82,1,0.93,46,0,2.2,60.55,59.07,1.02,144,
330.042,4,2,8,14.92,63.65,4.97,1.1,219.83,780.842,340.053,60.97,71.51,1,0.92,59,0,2.87,56.57,41.46,1.02,144,
250317.8481,1,24,49,486.94,640.26,0,0.25,2607.02,2047.552,127.973,410.65,554.73,11,0.93,5394,0.54,2,59.32,74.87,1.02,131,
250317.8481,1,19,39,155.3,404.18,0,0.25,1306.74,1026.312,64.143,469.04,538.92,8,0.92,2763,0.68,2,63.65,75.26,1.02,131,
250317.8481,1,15,31,377.23,986.09,0,0.25,2061.98,1619.472,101.223,808.98,899.33,10,0.94,4342,0.67,2,80.2,80.03,1.02,131,
10071.42,4,7,18,521.62,750.34,0,1,3077.69,9668.842,2417.213,515.6,533.39,3,0.94,544,0.29,2,52.44,49.44,1.01,125,
250317.8481,1,23,47,34.25,309.08,0,0.25,515.17,404.612,25.293,179.09,190.65,14,0.94,1039,0.57,2,79.86,87.53,1.03,131,
250317.8481,2,3,8,44.99,241.09,0,0.25,356.58,280.062,17.53,177.84,211.27,4,0.94,432,0.75,2,103.78,100.31,1.02,131,
250317.8481,2,10,22,30.4,171.31,0,0.25,331.1,260.052,16.253,108.26,120.93,6,0.93,451,0.61,2,50.65,90.19,1.03,131,
250317.8481,1,10,21,166.63,230.61,0,0.25,539.83,423.982,26.53,207.57,361.67,7,0.93,1125,0.73,2,78.94,85.98,1.03,131,
493.122,5,128,261,1029.14,2079.86,601.8,0.33,27746.1,29081.52,3679.243,2022.84,2306.75,22,0.9,19967,0.49,1.93,76.12,74.09,1.02,142,
5807.142,11,23,57,594.34,1518.79,196.24,1.62,7880.2,44093.42,28843.93,1242.67,1310.3,7,0.93,593,0.46,1.13,69.84,57.71,1.01,143,
250317.8481,2,6,14,57.24,170.88,0,0.25,359.13,282.062,17.633,134.72,147.01,5,0.95,731,0.42,2,86.39,108.49,1.03,131,
250317.8481,1,8,17,304.52,623.27,0,0.25,1777.6,1396.122,87.263,520.37,625.27,7,0.93,3687,0.7,2,117.02,122.49,1.02,131,
250317.8481,1,4,9,33.55,134.31,0,0.25,233.07,183.062,11.443,144.73,164.75,3,0.94,157,0.25,2,75.41,114.23,1.02,131,
29585.22,4,7,18,270.96,872.45,0,1,2247.72,7061.422,1765.363,524.71,600.35,5,0.95,367,0.45,2,106.27,82.14,1.01,125,
250317.8481,1,4,9,8.21,141.86,0,0.25,187.49,147.252,9.23,150.01,162.93,4,0.91,237,0.75,2,13.74,91.32,1.02,131,
155.992,3,1,5,6.78,52.63,20.37,1.62,90.3,470.12,203.583,54.07,59.55,1,0.88,47,0,1.58,42.53,14.72,1.04,144,
303.532,6,35,76,279.19,571.6,254.4,0.65,7779.47,15894.22,2823.213,489.53,574.32,11,0.88,5627,0.42,1.89,83.45,62.2,1.03,142,
552.262,6,68,142,898.86,1294.17,0,0.41,14552.8,18784.42,2505.83,1380.67,1514.42,11,0.88,13203,0.53,1.9,91.22,76.54,1.04,142,
216.522,12,2,16,13.63,90.13,7.06,1.29,367.11,1482.962,498.673,87.81,93.92,1,0.93,161,0,1.79,83.46,6.63,1.02,144,
250317.8481,1,14,29,552.43,809.21,0,0.25,2675.19,2101.092,131.323,618.76,1010.52,10,0.96,5385,0.72,2,106.28,107.29,1.01,131,
250317.8481,1,39,79,193.54,899.12,0,0.25,2589.37,2033.692,127.113,738.96,885.26,21,0.94,5397,0.69,2,94.58,89.54,1.03,131,
250317.8481,1,17,35,267.17,545,0,0.25,1097.78,862.22,53.893,590.94,774.68,15,0.94,2234,0.84,2,115.82,112.2,1.03,131,
250317.8481,1,13,27,352.57,616.46,0,0.25,1920,1507.962,94.253,433.66,539.63,8,0.95,4091,0.68,2,80.05,87.42,1.02,131,
250317.8481,2,9,20,102.03,297.95,0,0.25,526.58,413.572,25.853,296.57,397.06,6,0.94,1056,0.29,2,78.56,95.61,1.03,131,
250317.8481,2,9,20,183.2,434.38,0,0.25,1067.35,838.32,52.393,333.03,380.3,9,0.92,699,0.78,2,89.5,71.53,1.03,131,
250317.8481,2,1,4,57.94,408.16,0,0.25,487.85,383.162,23.953,296.52,329.65,2,0.94,636,0.5,2,98.75,148.69,1.02,131,
250317.8481,2,1,4,157.1,384.23,0,0.25,601.6,472.52,29.533,316.61,491.18,2,0.87,804,0.5,2,156.8,161.54,1.03,131,
250317.8481,1,3,7,275.06,310.71,0,0.25,686.86,539.462,33.723,241.84,275.94,3,0.94,1350,0.67,2,88.16,104.73,1.02,131,
250317.8481,2,11,24,256.3,356.44,0,0.25,1007.99,791.682,49.483,276.17,638.9,8,0.93,2166,0.55,2,82.15,89.56,1.02,131,
250317.8481,1,5,11,88.92,1050.42,0,0.25,1596.43,1253.832,78.363,1079.37,1170.82,5,0.95,3524,0.8,2,83.81,70.08,1.02,131,
250317.8481,2,34,70,88.11,348.61,0,0.25,1097.65,862.092,53.883,339.55,441.73,20,0.91,2246,0.64,2,85.19,88.06,1.04,131,
250317.8481,2,1,4,122.25,210.15,0,0.25,392.27,308.092,19.263,152.62,194.61,2,0.88,533,0.5,2,66.08,63.73,1.02,131,
565.252,8,62,132,417.63,1098.17,273.66,0.26,12801.4,10523.42,759.23,664.83,838.08,10,0.87,9081,0.49,1.99,86.02,64.81,1.03,142,
246.172,7,16,39,190.42,233.18,155.26,0.63,2518.87,5042.012,999.963,191.86,237.68,6,0.87,1695,0.31,1.68,79.93,74.5,1.03,142,
538.412,8,28,64,243.02,323.84,253.72,0.74,6008.44,14534.12,3763.153,309.04,499.43,7,0.73,3738,0.45,1.72,62.7,69.19,1.08,142,
13778.32,7,20,47,462.14,931.41,0.72,1,4346.2,136542,3413.53,621.88,779.7,8,0.94,747,0.6,2,60.35,65.07,1.01,125,
3737.192,4,8,20,367.65,732.45,1.47,1,2901.91,9116.622,2279.153,582.98,722.18,4,0.95,532,0.54,2,76.76,69.59,1.01,125,
250317.8481,1,63,127,470.09,578.34,0,0.25,4024.29,3160.672,197.543,462.28,1125.04,36,0.92,5377,0.73,2,46.45,79.55,1.03,131,
250317.8481,1,19,39,62.11,275.73,0,0.25,585.02,459.482,28.723,156.86,169.08,16,0.94,1285,0.82,2,78.49,105.8,1.03,131,
250317.8481,1,2,5,34.58,200.52,0,0.25,258.76,203.232,12.73,176.63,218.14,2,0.93,546,0.5,2,91.41,97.27,1.04,131,
250317.8481,2,22,46,55.28,470.13,0,0.25,871.58,684.532,42.783,404.38,448.12,15,0.95,1913,0.61,2,82.05,91.78,1.03,131,
250317.8481,1,34,69,102.85,493.97,0,0.25,1148.04,901.672,56.353,322.45,399.92,21,0.95,2428,0.72,2,93.23,86.78,1.03,131,
250317.8481,1,2,5,100.22,359.82,0,0.25,684.63,537.712,33.613,385.82,457.16,2,0.91,916,0.5,2,13.97,43.22,1.02,131,
250317.8481,2,0,2,44.63,217.03,0,0.25,268.62,210.972,13.193,124.34,140.35,1,0.9,361,0,2,179.38,139.54,1.02,131,
250317.8481,2,6,14,82.66,191.12,0,0.25,470.73,369.712,23.113,108.39,123.72,5,0.92,920,0.62,2,75.77,74.92,1.03,131,
250317.8481,2,3,8,190.95,393.22,0,0.25,857.97,673.852,42.123,342.34,401.71,3,0.89,1830,0.33,2,77.52,76.22,1.02,131,
250317.8481,2,11,24,57,354.26,0,0.25,527.31,414.152,25.883,292.36,332.15,6,0.92,733,0.63,2,40.49,90.04,1.02,131,
8581.672,4,48,100,868.94,984.06,0,1,10138.8,318522,7962.993,664.78,775.81,13,0.95,1894,0.53,2,81.04,79.49,1.01,125,
250317.8481,2,8,18,158.24,417.62,0,0.25,1111.99,873.362,54.583,318,351.53,5,0.92,2356,0.29,2,49.39,48.62,1.03,131,
211.392,2,5,12,25.8,132.34,50.07,1.81,225.06,1280.742,582.873,93.12,103.69,3,0.95,56,0.27,1.75,79.85,68.93,1.01,144,
250317.8481,1,40,81,266.03,292.58,0,0.25,1560.69,1225.762,76.613,285.47,447.54,21,0.95,3252,0.66,2,75.88,85.03,1.02,131,
250317.8481,2,4,10,56.89,286.31,0,0.25,526.92,413.842,25.873,266.89,308.88,5,0.92,722,0.8,2,50.76,75.46,1.02,131,
250317.8481,2,10,22,236.47,615.32,0,0.25,1286.85,1010.692,63.173,376.2,431.2,7,0.95,2646,0.5,2,121.92,94.97,1.03,131,
9674.582,5,8,21,300.1,626.38,0,1,2790.28,8765.912,2191.483,472.09,499.12,5,0.95,487,0.62,2,40.2,55.3,1.01,125,
250317.8481,1,14,29,91.15,469.12,0,0.25,917.35,720.482,45.033,367.33,409.56,9,0.95,1932,0.62,2,88.37,104.38,1.02,131,
250317.8481,1,7,15,291.59,726.81,0,0.25,1492.75,1172.42,73.283,471.39,658.84,6,0.93,3009,0.62,2,93.3,103.52,1.02,131,
19123702,1,21,43,787.98,965.26,0,1,7381.6,231902,5797.53,716.95,1814.44,8,0.9,1346,0.43,2,62.48,50.64,1.02,125,
13970.22,5,54,113,749.18,1039.02,1.02,1,11372,35726.22,8931.543,678.58,879.9,9,0.94,2084,0.57,2,72.11,64.86,1.01,125,
250317.8481,2,47,96,75.31,399.58,0,0.25,892.94,701.312,43.833,353.31,410.79,22,0.95,1832,0.7,2,83.21,88.02,1.03,131,